name,genres,popularity
10 Years,alternative metal;christian rock;nu metal;post-grunge;rap rock,62
10cc,album rock;art rock;classic rock;classic uk pop;dance rock;folk rock;glam rock;mellow gold;rock;soft rock;symphonic rock;yacht rock,66
12 Stones,alternative metal;christian alternative rock;christian hard rock;christian rock;nu metal;post-grunge;rap rock,56
24-7 Spyz,funk metal;funk rock;rap rock,26
38 Special,album rock;classic rock;country rock;folk rock;hard rock;mellow gold;rock;soft rock;southern rock,62
AC/DC,album rock;australian rock;hard rock;rock,86
ANTHEM,j-metal;japanese heavy metal,38
Accept,album rock;german heavy metal;german metal;glam metal;hard rock;metal;power metal;rock;speed metal;thrash metal,63
Ace Frehley,album rock;glam metal;hard rock;metal;rock,51
Adelitas Way,alternative metal;christian rock;gymcore;nu metal;post-grunge;post-screamo;rap rock,61
Adler's Appetite,glam metal;rock drums;sleaze rock,9
Aerosmith,album rock;classic rock;hard rock;rock,81
Agent Steel,melodic thrash;metal;neo-trad metal;nwothm;old school thrash;speed metal;thrash metal;us power metal,29
Airbourne,glam metal;hard rock;metal;rock;wrestling,62
Alabama Thunderpussy,southern metal;stoner metal;stoner rock;virginia metal,32
Alcatrazz,album rock;glam metal;hard rock;metal;neo classical metal,36
Aldo Nova,album rock;canadian metal;classic canadian rock;glam metal;hard rock,43
Alice Cooper,album rock;blues rock;classic rock;detroit rock;glam metal;glam rock;hard rock;metal;protopunk;rock,40
Alice In Chains,alternative metal;alternative rock;grunge;hard rock;nu metal;rock,75
Alien Sex Fiend,dark wave;deathrock;gothic rock;industrial;industrial rock,38
All About Eve,dark wave;gothic rock,33
Allman Brothers Band,album rock;blues rock;classic rock;country rock;double drumming;electric blues;folk rock;hard rock;jam band;mellow gold;psychedelic rock;rock;roots rock;soft rock;southern rock,69
Alter Bridge,alternative metal;nu metal;post-grunge;rock,67
Alvin Lee,blues rock;british blues;country rock;electric blues;modern blues,44
Alvin Stardust,classic uk pop;glam rock,39
Andy Timmons,instrumental rock;neo classical metal;shred,45
Angel Witch,doom metal;hard rock;metal;nwobhm;nwothm;speed metal;thrash metal,40
Angra,brazilian metal;brazilian power metal;brazilian progressive metal;latin metal;metal;neo classical metal;power metal;progressive metal;progressive power metal;speed metal;symphonic metal,57
Annihilator,canadian metal;death metal;hard rock;metal;neo classical metal;old school thrash;power metal;speed metal;technical groove metal;thrash metal,51
Another Animal,hard alternative;supergroup,30
Anthrax,album rock;alternative metal;hard rock;metal;nu metal;old school thrash;rap metal;rap rock;rock;speed metal;thrash metal,61
Anvil,canadian metal;hard rock;metal;speed metal;thrash metal,41
April Wine,album rock;classic canadian rock;classic rock;country rock;hard rock;heartland rock;mellow gold;rock;soft rock,52
Armored Saint,hard rock;metal;modern hard rock;neo-trad metal;rock;thrash metal;us power metal,44
Art Of Dying,alternative metal;christian alternative rock;christian rock;gymcore;hard alternative;nu metal;post-grunge;post-screamo;rap rock,50
Art of Anarchy,modern hard rock;supergroup,31
Asia,album rock;art rock;classic rock;hard rock;mellow gold;progressive rock;rock;soft rock;symphonic rock,59
Astral Doors,melodic metal;neo classical metal;neo-trad metal;power metal;swedish heavy metal;swedish metal;symphonic power metal,34
Atlanta Rhythm Section,album rock;art rock;blues rock;classic rock;country rock;folk rock;hard rock;heartland rock;mellow gold;rock;soft rock;southern rock;yacht rock,52
Atomic Rooster,art rock;blues rock;british blues;german rock;hard rock;progressive rock;psychedelic blues-rock;psychedelic rock;symphonic rock,35
Attacker,neo-trad metal;nwothm;tolkien metal;us power metal,21
Audioslave,alternative metal;alternative rock;nu metal;permanent wave;post-grunge;rock;supergroup,73
Autograph,album rock;glam metal;hard rock,49
Avantasia,german metal;german power metal;melodic metal;metal;neo classical metal;opera metal;power metal;symphonic metal,57
Axel Rudi Pell,german metal;german power metal;hard rock;metal;power metal,51
Axxis,german metal;german power metal;german rock;melodic metal;metal;neo classical metal;power metal;symphonic power metal,42
Aynsley Lister,blues rock;british blues;electric blues;modern blues;modern blues rock;power blues-rock,43
Babylon A.D.,glam metal;hard rock;sleaze rock,32
Babylon Bombs,sleaze rock;swedish hard rock,16
Bachman-Turner Overdrive,album rock;art rock;blues rock;classic canadian rock;classic rock;country rock;folk rock;hard rock;mellow gold;rock;soft rock;symphonic rock,63
Backyard Babies,action rock;glam punk;punk 'n' roll;sleaze rock;swedish alternative rock;swedish hard rock,48
Bad Company,album rock;blues rock;classic rock;country rock;hard rock;mellow gold;rock;soft rock,65
Bad English,album rock;glam metal;hard rock,55
Badfinger,album rock;art rock;beatlesque;blues rock;brill building pop;bubblegum pop;classic rock;classic uk pop;country rock;folk rock;jangle pop;mellow gold;power pop;psychedelic rock;rock;roots rock;soft rock;symphonic rock,59
Badlands,glam metal,22
Bang Tango,funk metal;glam metal;hard rock;sleaze rock,29
Bauhaus,alternative rock;dance rock;dark wave;gothic rock;new wave;post-punk;uk post-punk,57
Bay City Rollers,bubblegum pop;classic uk pop;soft rock,51
Beautiful Creatures,glam metal;sleaze rock,18
Beck  Bogert  Appice,blues rock;british blues;classic rock;psychedelic rock;supergroup,31
Berlin,dance rock;new romantic;new wave;new wave pop;soft rock;synthpop,65
Billy Squier,album rock;classic rock;country rock;glam metal;hard rock;heartland rock;mellow gold;rock;soft rock,62
Black 'N Blue,glam metal;hard rock;sleaze rock,36
Black Country Communion,album rock;blues rock;hard rock;modern hard rock;supergroup,43
Black Label Society,alternative metal;groove metal;hard rock;metal;nu metal;rock,62
Black Oak Arkansas,blues rock;classic rock;country rock;hard rock;southern rock,37
Black Sabbath,album rock;birmingham metal;classic rock;hard rock;metal;rock;stoner rock;uk doom metal,77
Black Spiders,deep melodic hard rock;modern hard rock;nwocr,29
Black Star Riders,hard rock;modern hard rock;nwocr,36
Black Stone Cherry,alternative metal;modern hard rock;nu metal;post-grunge;rock,61
Blackberry Smoke,country rock;modern southern rock;rock;southern rock,60
Blackfoot,album rock;blues rock;classic rock;country rock;hard rock;native american;rock;southern rock,50
Blaze Bayley,metal;neo-trad metal;power metal,36
Blind Faith,art rock;blues rock;british blues;classic rock;country rock;electric blues;folk rock;psychedelic rock;rock;roots rock;supergroup,51
Blind Guardian,german metal;german power metal;hard rock;melodic metal;metal;neo classical metal;power metal;speed metal;symphonic metal,59
Blind Melon,alternative metal;alternative rock;blues rock;grunge;pop rock;rock,66
Blindside Blues Band,blues rock;electric blues;modern blues;modern blues rock;power blues-rock,32
Blitzkrieg,nwobhm,26
Blue Murder,glam metal;hard rock,33
Blue Öyster Cult,album rock;art rock;blues rock;classic rock;hard rock;metal;rock;soft rock,69
Bonafide,modern hard rock;nwocr;sleaze rock;swedish alternative rock,34
Bonfire,german hard rock;german power metal;glam metal;hard rock;melodic hard rock,45
Boston,album rock;art rock;classic rock;country rock;hard rock;mellow gold;rock;soft rock,71
Brand New Sin,southern metal,30
Brides Of Destruction,glam metal;sleaze rock,18
Britny Fox,glam metal;hard rock;sleaze rock,37
Brownsville Station,album rock;blues rock;classic rock;country rock;michigan indie;southern rock,36
Bruce Dickinson,album rock;hard rock;metal;power metal;rock,56
Buckcherry,alternative metal;glam metal;hard rock;nu metal;post-grunge;rock;sleaze rock,61
Bulletboys,glam metal;hard rock;sleaze rock,39
Burning Rain,modern hard rock;nwocr,21
Bush,alternative metal;alternative rock;grunge;modern rock;nu metal;pop rock;post-grunge;rap rock;rock,67
Cabaret Voltaire,art rock;bleep techno;british experimental;british industrial;dance rock;ebm;experimental;experimental rock;industrial;industrial rock;new romantic;new wave;post-punk;proto-techno;synthpop;uk post-punk,40
Cacophony,neo classical metal,30
Cactus,blues rock;classic rock;hard rock;psychedelic blues-rock;psychedelic rock,38
Candlebox,alternative metal;alternative rock;grunge;pop rock;post-grunge;rock,59
Candlemass,death metal;doom metal;epic doom;hard rock;metal;opera metal;swedish doom metal;swedish metal,47
Cavalera Conspiracy,alternative metal;death metal;groove metal;metal;nu metal,43
Cavo,hard alternative;post-grunge,43
Celtic Frost,black metal;black thrash;death metal;deathrash;doom metal;metal;old school thrash;swiss black metal;swiss metal,46
Cheap Trick,album rock;art rock;beatlesque;classic rock;dance rock;glam metal;glam rock;hard rock;heartland rock;mellow gold;new wave pop;pop rock;power pop;rock;soft rock,68
Chickenfoot,album rock;hard rock;modern hard rock;rock;supergroup,42
Chilliwack,album rock;classic canadian rock;classic rock,43
Chris Cornell,alternative metal;alternative rock;rock,67
Christian Death,dark wave;deathrock;ethereal wave;gothic rock,47
Cinderella,album rock;glam metal;hard rock;metal;rock,61
Circle II Circle,progressive power metal,22
Clan of Xymox,dark post-punk;dark wave;dream pop;ebm;ethereal wave;gothic rock;new romantic;new wave,46
Clutch,alternative metal;alternative rock;funk metal;hard rock;modern blues rock;rock;stoner metal;stoner rock,60
Cold,alternative metal;industrial metal;nu metal;post-grunge;rap rock,55
Corey Hart,album rock;dance rock;mellow gold;new romantic;new wave;new wave pop;soft rock,55
Corroded,swedish alternative rock,42
Corrosion Of Conformity,alternative metal;groove metal;hard rock;metal;north carolina metal;nu metal;old school thrash;rap rock;rock;sludge metal;stoner metal;stoner rock,52
Course Of Nature,alternative metal;hard alternative;nu metal;post-grunge,34
Coverdale/Page,album rock;hard rock,34
Crashdïet,glam metal;sleaze rock;swedish alternative rock;swedish hard rock,40
Crazy Lixx,glam metal;hard rock;new wave of glam metal;sleaze rock;swedish hard rock;swedish melodic rock,41
Creed,alternative metal;nu metal;pop rock;post-grunge;rock,71
Crimson Glory,metal;neo-trad metal;nwothm;power metal;speed metal;us power metal,34
Crossfade,alternative metal;nu metal;post-grunge;rap rock,60
Crowbar,alternative metal;doom metal;groove metal;louisiana metal;nu metal;post-doom metal;sludge metal;southern metal,44
Crucified Barbara,slayer;sleaze rock;swedish hard rock;swedish metal,28
Cry Of Love,modern blues rock;modern hard rock;southern rock,35
Cutting Crew,album rock;dance rock;mellow gold;new romantic;new wave;new wave pop;soft rock;synthpop,64
DOWN,alternative metal;groove metal;hard rock;louisiana metal;metal;nu metal;rock;sludge metal;southern metal;stoner metal;supergroup,52
Damageplan,alternative metal;groove metal;nu metal;rap rock;southern metal,43
Damn Yankees,album rock;classic rock;glam metal;hard rock;rock,52
Danger Danger,album rock;glam metal;hard rock;sleaze rock,45
Dangerous Toys,glam metal;hard rock;sleaze rock,34
Daniel Ash,gothic rock;new wave,29
Danko Jones,punk 'n' roll;swedish alternative rock,55
Danzig,alternative metal;hard rock;metal;rock,62
Dare,hard rock;melodic hard rock,42
Dark Angel,metal;old school thrash;technical thrash;thrash metal,35
Dark new Day,alternative metal;hard alternative;nu metal;post-grunge,37
Dave Edmunds,blues rock;british blues;classic uk pop;country rock;power pop;pub rock;rock-and-roll;rockabilly;roots rock,50
David Coverdale,album rock;hard rock,32
David Essex,classic uk pop;glam rock,46
David Lee Roth,album rock;classic rock;glam metal;hard rock;metal;neo classical metal;rock,54
Days Of The New,alternative metal;alternative rock;grunge;nu metal;post-grunge;rock,56
Death Angel,death metal;hard rock;metal;old school thrash;thrash metal,47
Deep Purple,album rock;blues rock;classic rock;hard rock;metal;psychedelic rock;rock,73
Deepfield,alternative metal;gymcore;hard alternative;nu metal;post-grunge,37
Def Leppard,album rock;hard rock;nwobhm;rock,73
Default,alternative metal;canadian rock;nu metal;pop rock;post-grunge,53
Demons & Wizards,german metal;german power metal;melodic metal;metal;neo classical metal;power metal;progressive metal;symphonic metal,46
Derek & The Dominos,album rock;art rock;blues;blues rock;british blues;classic rock;country rock;electric blues;folk rock;hard rock;mellow gold;psychedelic rock;rock;roots rock;soft rock,64
Destruction,death metal;german metal;german thrash metal;metal;mexican metal;old school thrash;thrash metal,42
Diamond Head,album rock;hard rock;metal;nwobhm;rock;speed metal;thrash metal,49
Dimebag Darrell,southern metal,30
Dio,album rock;classic rock;glam metal;hard rock;metal;power metal;rock,66
Dirty Looks,glam metal;hard rock;sleaze rock,28
Dokken,album rock;classic rock;glam metal;hard rock;metal;rock,57
Don Airey,rock keyboard,25
Don Dokken,glam metal,26
Don Henley,album rock;art rock;classic rock;country rock;folk;folk rock;heartland rock;mellow gold;pop rock;rock;roots rock;singer-songwriter;soft rock;yacht rock,69
Donnie Iris,album rock,44
Doro,german heavy metal;german metal;hard rock;metal;power metal,48
Doubledrive,grunge pop,25
Downface,grunge,28
Dr. Feelgood,blues rock;british blues;protopunk;pub rock;rockabilly,46
Dream Evil,melodic metal;metal;neo classical metal;power metal;swedish heavy metal;swedish power metal,51
Duff McKagan,glam metal;sleaze rock,35
Duff McKagan's Loaded,supergroup,21
Dynazty,melodic metal;nightrun;power metal;sleaze rock;swedish alternative rock;swedish hard rock,54
EARTHSHAKER,j-metal;japanese heavy metal,30
Echo & the Bunnymen,alternative rock;art rock;dance rock;dream pop;new romantic;new wave;new wave pop;permanent wave;post-punk;punk;rock;uk post-punk,62
Eddie Money,album rock;classic rock;country rock;folk rock;hard rock;mellow gold;pop rock;rock;soft rock,63
Eddie Vedder,acoustic rock;permanent wave;rock,67
Edguy,german metal;german power metal;hard rock;melodic metal;metal;neo classical metal;power metal;progressive metal;symphonic metal,53
Egypt Central,alternative metal;christian rock;gymcore;nu metal;post-grunge;post-screamo;rap rock,58
Electric Mary,deep melodic hard rock;modern hard rock;nwocr,31
Elf,album rock;hard rock;metal,33
Enuff Z'Nuff,glam metal;hard rock;sleaze rock;underground power pop,35
Eric Carr,glam metal,22
Eric Johnson,blues rock;instrumental bluegrass;instrumental rock;neo classical metal;progressive jazz fusion;shred,53
Europe,album rock;glam metal;hard rock;rock;swedish hard rock;swedish melodic rock,70
Evergrey,gothic metal;melodic metal;metal;neo classical metal;power metal;progressive metal;swedish progressive metal,54
Evile,metal;new wave of thrash metal;thrash metal,42
Exciter,canadian metal;metal;nwothm;speed metal;thrash metal,31
Exodus,death metal;groove metal;hard rock;metal;old school thrash;speed metal;thrash metal,55
Extreme,album rock;funk metal;glam metal;hard rock;rock,68
Faith And The Muse,corrosion;dark wave;deathrock;ethereal wave;gothic rock;medieval folk;neoclassical darkwave;steampunk,30
Faith No More,alternative metal;alternative rock;funk metal;funk rock;hard rock;nu metal;rap metal;rock,67
Faster Pussycat,glam metal;glam punk;hard rock;sleaze rock,46
Fates Warning,hard rock;metal;modern hard rock;neo classical metal;neo-progressive;power metal;progressive metal;us power metal,41
Fields Of The Nephilim,corrosion;dark wave;ethereal wave;gothabilly;gothic rock,43
Filter,alternative metal;alternative rock;grunge;industrial metal;industrial rock;nu metal;post-grunge;rap rock;rock,59
Firefall,album rock;classic rock;country rock;folk rock;mellow gold;soft rock,49
Firehouse,album rock;glam metal;hard rock;rock,60
Firewind,greek metal;melodic metal;metal;neo classical metal;neo-trad metal;power metal;progressive metal;symphonic metal;symphonic power metal,48
Fishbone,funk metal;funk rock;ska;ska punk,44
Flesh For Lulu,gothic rock;new wave,33
Flotsam & Jetsam,metal;old school thrash;power thrash;speed metal;thrash metal,39
Foghat,album rock;blues rock;british blues;classic rock;country rock;hard rock;mellow gold;rock;soft rock,58
Foo Fighters,alternative metal;alternative rock;modern rock;permanent wave;post-grunge;rock,83
Forbidden,metal;old school thrash;technical thrash;thrash metal,35
Foreigner,album rock;classic rock;hard rock;mellow gold;rock;soft rock,74
Frank Marino & Mahogany Rush,blues rock;canadian metal,32
Free,album rock;art rock;blues rock;british blues;classic rock;classic uk pop;country rock;electric blues;folk rock;hard rock;psychedelic rock;rock;roots rock;symphonic rock,61
Freedom Call,german metal;german power metal;melodic metal;neo classical metal;power metal;symphonic metal;symphonic power metal,50
Fuel,alternative metal;alternative rock;nu metal;pop rock;post-grunge;rap rock;rock,61
Gamma Ray,german metal;german power metal;hard rock;melodic metal;metal;neo classical metal;power metal;speed metal,48
Gary Moore,album rock;blues rock;british blues;classic rock;electric blues;hard rock;rock,64
Gary Wright,album rock;classic rock;country rock;mellow gold;soft rock;yacht rock,49
Gemini Five,sleaze rock;swedish hard rock,28
Gene Loves Jezebel,dance rock;gothic rock;new romantic;new wave;new wave pop;synthpop;welsh rock,43
Gene Simmons,glam metal;hard rock,34
Geordie,glam rock,30
George Lynch,glam metal;hard rock;neo classical metal;shred,35
George Thorogood & The Destroyers,album rock;blues rock;classic rock;country rock;electric blues;hard rock;heartland rock;mellow gold;rock,63
Gilby Clarke,glam metal,33
Gillan,album rock;hard rock,28
Girlschool,hard rock;metal;nwobhm;rock,43
Giuffria,glam metal;hard rock,30
Glass Tiger,album rock;classic canadian rock;mellow gold;new wave pop;soft rock,48
Glenn Frey,album rock;classic rock;country rock;folk rock;heartland rock;mellow gold;new wave pop;soft rock,59
Glenn Hughes,album rock;hard rock;modern hard rock,39
Glenn Tipton,birmingham metal;metal,17
Gluecifer,norwegian hardcore;norwegian punk rock;norwegian rock;punk 'n' roll,38
Golden Earring,album rock;classic rock;dutch pop;dutch prog;dutch rock;nederpop,62
Gotthard,glam metal;hard rock;swiss pop;swiss rock,51
Grand Funk Railroad,album rock;art rock;blues rock;classic rock;country rock;folk rock;hard rock;mellow gold;psychedelic rock;rock;soft rock;symphonic rock,60
Grave Digger,german metal;german power metal;hard rock;melodic metal;metal;neo classical metal;neo-trad metal;power metal;speed metal,46
Great White,album rock;classic rock;glam metal;hard rock;metal;rock,57
Green River,grunge,36
Grim Reaper,hard rock;metal;nwobhm;nwothm;speed metal,36
Gruntruck,funk metal;grunge,34
Gun,hard rock;modern hard rock,40
Guns N' Roses,glam metal;hard rock;rock,83
Gwar,alternative metal;comic;comic metal;metal;nu metal;old school thrash;thrash metal;virginia metal;virginia punk,49
HELLYEAH,alternative metal;groove metal;industrial metal;metal;nu metal;post-grunge;rap rock;southern metal,59
Halestorm,alternative metal;nu metal;post-grunge,68
Halford,birmingham metal;hard rock;metal;power metal;speed metal,43
HammerFall,gothenburg metal;hard rock;melodic metal;metal;neo classical metal;power metal;swedish power metal;symphonic metal,60
Hanoi Rocks,finnish hard rock;glam metal;glam punk;glam rock;hard rock;sleaze rock,44
Hardcore Superstar,glam metal;hard rock;new wave of glam metal;sleaze rock;swedish alternative rock;swedish hard rock,50
Hardline,glam metal;hard rock;melodic hard rock;modern hard rock;sleaze rock,44
Harem Scarem,canadian metal;glam metal;hard rock;melodic hard rock,45
Harlequin,album rock;classic canadian rock,39
Head East,album rock;classic rock;country rock;hard rock;mellow gold;soft rock;southern rock,46
HeadCat,psychobilly;rockabilly,36
Heart,album rock;classic rock;hard rock;heartland rock;mellow gold;new wave pop;pop rock;rock;soft rock,71
Heathen,death metal;metal;old school thrash;speed metal;technical thrash;thrash metal,38
Heaven & Hell,album rock;hard rock;metal;rock,39
Heaven's Basement,deep melodic hard rock;sleaze rock,39
Heavens Gate,german metal;neo classical metal;neo-trad metal;power metal,26
Helix,album rock;canadian metal;classic canadian rock;glam metal;hard rock;sleaze rock,40
Hell N' Diesel,hard glam;sleaze rock;swedish hard rock,12
Helloween,german metal;german power metal;hard rock;metal;neo classical metal;old school thrash;power metal;rock;speed metal,63
Helmet,alternative metal;alternative rock;grunge;industrial metal;industrial rock;nu metal;post-hardcore;rap rock;rock,55
Helstar,metal;neo-trad metal;nwothm;old school thrash;speed metal;thrash metal;us power metal,30
Henrik Freischlader,blues rock;electric blues;german blues;modern blues;modern blues rock;power blues-rock,43
Hinder,alternative metal;nu metal;pop rock;post-grunge,66
Hirax,crossover thrash;metal;new wave of thrash metal;speed metal;thrash metal,28
Hogjaw,modern hard rock;modern southern rock;southern rock,30
Hollywood Rose,glam metal;hard rock;sleaze rock,27
Honeymoon Suite,album rock;canadian metal;classic canadian rock;glam metal;hard rock;mellow gold,45
Hoobastank,alternative metal;funk metal;nu metal;pop rock;post-grunge;rap rock,70
House Of Lords,glam metal;hard rock;melodic hard rock;modern hard rock;sleaze rock,33
Huey Lewis & The News,album rock;classic rock;dance rock;folk rock;mellow gold;new wave pop;pop rock;rock;soft rock,68
Humble Pie,album rock;art rock;blues rock;british blues;classic rock;country rock;electric blues;folk rock;hard rock;psychedelic rock;rock;roots rock;southern rock;symphonic rock,47
Hurricane,glam metal;hard rock;sleaze rock,31
Ian Gillan,album rock;hard rock,41
Ian Gillan Band,british jazz,16
Ian Hunter,album rock;classic uk pop;glam rock;pub rock;roots rock,39
Iced Earth,hard rock;metal;neo classical metal;old school thrash;power metal;power thrash;speed metal;us power metal,54
Impellitteri,christian metal;j-metal;neo classical metal,28
Imperial State Electric,punk 'n' roll;swedish alternative rock;swedish garage rock;swedish hard rock,34
Incubus,alternative metal;alternative rock;funk metal;funk rock;modern rock;nu metal;pop rock;post-grunge;rock,73
Infectious Grooves,funk metal;funk rock;rap rock,41
Inglorious,modern hard rock;nwocr,43
Iron Butterfly,acid rock;art rock;blues rock;classic rock;hard rock;psychedelic rock;symphonic rock,49
Iron Maiden,album rock;hard rock;metal;nwobhm;rock,77
Iron Savior,german metal;german power metal;melodic metal;metal;neo classical metal;neo-trad metal;power metal;symphonic metal;symphonic power metal,46
Izzy Stradlin And The Ju Ju Hounds,hard rock,29
Jackyl,album rock;glam metal;hard rock;rock,49
Jaded Heart,german hard rock;glam metal;hard rock;melodic hard rock;modern hard rock;nwocr,33
Jaded Sun,deep melodic hard rock,12
Jag Panzer,metal;neo-trad metal;nwothm;speed metal;us power metal,26
James Gang,album rock;art rock;blues rock;british blues;classic rock;country rock;folk rock;hard rock;mellow gold;psychedelic rock;rock;roots rock;soft rock;southern rock,54
Jane's Addiction,alternative metal;alternative rock;art rock;blues rock;funk metal;funk rock;grunge;hard rock;nu metal;permanent wave;rock,62
Jason Becker,instrumental rock;neo classical metal;shred,43
Jeff Beck,album rock;art rock;blues;blues rock;british blues;classic rock;country rock;electric blues;hard rock;instrumental rock;jazz fusion;modern blues;psychedelic rock;rock;symphonic rock,59
Jeff Scott Soto,melodic hard rock,34
Jefferson Starship,album rock;art rock;classic rock;folk rock;hard rock;mellow gold;rock;soft rock;symphonic rock,55
Jerry Cantrell,alternative metal;alternative rock;grunge;rock,46
Jet Black Stare,hard alternative;post-grunge,38
Joe Bonamassa,blues rock;electric blues;modern blues;modern blues rock,63
Joe Lynn Turner,album rock;hard rock;melodic hard rock,36
Joe Satriani,album rock;hard rock;instrumental rock;metal guitar;neo classical metal;shred,60
Joe Stump,metal guitar;neo classical metal;shred,29
Joe Walsh,album rock;blues rock;classic rock;country rock;folk rock;hard rock;heartland rock;mellow gold;rock;roots rock;soft rock;southern rock;symphonic rock,62
John Cafferty & the Beaver Brown Band,album rock;heartland rock;mellow gold,47
John Mayall & The Bluesbreakers,blues;blues rock;british blues;british invasion;classic rock;country rock;electric blues;folk rock;modern blues;psychedelic rock;rock;roots rock,54
John Mellencamp,album rock;classic rock;country rock;folk rock;heartland rock;mellow gold;pop rock;rock;singer-songwriter;soft rock,71
John Norum,glam metal;hard rock;melodic hard rock;neo classical metal;swedish melodic rock,36
John Parr,album rock;mellow gold;new wave pop;soft rock,58
John Petrucci,instrumental rock;neo classical metal;progressive metal;shred,52
John Sykes,glam metal;hard rock,26
John Waite,album rock;mellow gold;new wave pop;soft rock,60
Johnny Winter,"[blues;blues rock;classic rock;country rock;electric blues;hard rock;modern blues;rock;texas blues,blues;blues rock;classic rock;country rock;electric blues;hard rock;modern blues;rock;roots rock;texas blues]",52
Jon Bon Jovi,rock,59
Jon Lord,progressive rock;rock keyboard;symphonic rock,39
Jon Oliva's Pain,progressive metal,19
Journey,album rock;classic rock;hard rock;mellow gold;rock;soft rock,78
Judas Priest,album rock;birmingham metal;classic rock;hard rock;metal;power metal;rock,71
Junkyard,glam metal;sleaze rock,30
KISS,album rock;classic rock;glam rock;hard rock;metal;rock,76
Kansas,album rock;art rock;bow pop;classic rock;hard rock;heartland rock;mellow gold;progressive rock;rock;soft rock;symphonic rock,71
Keel,glam metal;hard rock;sleaze rock,30
Kenny Wayne Shepherd,blues;blues rock;classic rock;country rock;electric blues;modern blues;modern blues rock;rock,60
Kid Rock,alternative metal;nu metal;rock,72
Kiko Loureiro,brazilian metal;instrumental rock;neo classical metal;shred,42
Killing Joke,alternative rock;dance rock;experimental;gothic rock;industrial;industrial rock;new romantic;new wave;post-punk;punk;uk post-punk,55
Kim Mitchell,album rock;classic canadian rock;classic rock,46
King Diamond,danish metal;death metal;hard rock;metal;power metal;rock;thrash metal,52
King Kobra,glam metal;hard rock;melodic hard rock;sleaze rock,39
King's X,funk metal;hard rock,43
Kingdom Come,album rock;german hard rock;glam metal;hard rock;metal,45
Kissin' Dynamite,new wave of glam metal;nightrun;power metal,46
Kix,album rock;glam metal;hard rock;metal;sleaze rock,48
Koritni,deep melodic hard rock;modern hard rock;nwocr;sleaze rock,26
Kreator,death metal;german metal;german thrash metal;groove metal;hard rock;melodic thrash;metal;old school thrash;power metal;speed metal;thrash metal,56
Krokus,album rock;glam metal;hard rock;metal;rock;swiss rock,51
L.A. Guns,album rock;glam metal;hard rock;metal;rock;sleaze rock,50
LOUDNESS,glam metal;hard rock;j-metal;japanese heavy metal;metal;neo classical metal,42
Leatherwolf,glam metal,22
Lee Aaron,glam metal;hard rock,31
Leslie West,blues rock;electric blues;modern blues,37
Lillasyster,danspunk;eurovision;swedish alternative rock,57
Lillian Axe,glam metal;hard rock;sleaze rock,27
Lion,glam metal;hard rock,34
Lita Ford,album rock;glam metal;hard rock;rock,53
Little Angels,glam metal,25
Little Caesar,glam metal;hard rock;modern hard rock;sleaze rock,30
Little River Band,album rock;art rock;australian rock;classic rock;country rock;folk;folk rock;mellow gold;rock;soft rock;yacht rock,63
Living Colour,alternative metal;alternative rock;funk metal;funk rock;hard rock;rock;wrestling,56
Lizzy Borden,glam metal;hard rock;metal;neo-trad metal;us power metal,34
Local H,alternative metal;alternative rock;grunge;post-grunge;rock,54
London After Midnight,dark post-punk;dark rock;dark wave;ethereal wave;gothic rock;steampunk,41
Lords Of The New Church,gothic rock;new wave;uk post-punk,35
Lou Gramm,album rock;mellow gold;soft rock,47
Love Battery,grunge,34
Love Like Blood,corrosion;dark wave;ethereal wave;gothic rock;neue deutsche todeskunst,30
Love and Rockets,dance rock;dream pop;gothic rock;new romantic;new wave;new wave pop;post-punk;uk post-punk,49
Love/Hate,glam metal;hard rock;sleaze rock,29
Loverboy,album rock;classic canadian rock;classic rock;glam metal;hard rock;heartland rock;mellow gold;new wave pop;rock;soft rock,40
Lucifer's Friend,german hard rock;german rock;psychedelic blues-rock,30
Lynch Mob,glam metal;hard rock;modern hard rock;sleaze rock,40
Lynyrd Skynyrd,album rock;blues rock;classic rock;country rock;hard rock;mellow gold;rock;soft rock;southern rock,76
Machine Head,alternative metal;groove metal;hard rock;industrial metal;melodic groove metal;melodic metalcore;metal;nu metal;progressive groove metal;rap rock;rock,63
Mad Season,alternative metal;alternative rock;blues rock;grunge;rock;supergroup,55
Magazine,art punk;art rock;dance rock;dance-punk;experimental;madchester;new romantic;new wave;post-punk;pub rock;punk;synthpop;uk post-punk,43
Magnum,album rock;glam metal;hard rock;melodic hard rock;metal,40
Majesty,german metal;german power metal;melodic metal;neo classical metal;neo-trad metal;power metal,35
Malfunkshun,funk metal;grunge,31
Manfred Mann,brill building pop;british blues;british invasion;bubblegum pop;classic rock;classic uk pop;folk rock;merseybeat;rock-and-roll;rockabilly,56
Manfred Mann's Earth Band,album rock;art rock;british blues;classic rock;hard rock;progressive rock;symphonic rock,60
Manilla Road,doom metal;metal;neo-trad metal;nwothm;speed metal;us power metal,34
Manowar,comic metal;hard rock;metal;power metal;rock;us power metal,59
Marc Bolan,glam rock,38
Marshall Crenshaw,jangle pop;power pop;pub rock;roots rock,40
Marty Friedman,instrumental rock;neo classical metal;shred,48
Masterplan,german metal;german power metal;melodic metal;metal;neo classical metal;power metal;progressive metal;symphonic metal,44
Max Webster,classic canadian rock,36
McAuley Schenker Group,german hard rock;glam metal;hard rock,40
Megadeth,album rock;alternative metal;hard rock;melodic thrash;metal;old school thrash;rock;speed metal;thrash metal,73
Mephisto Walz,corrosion;dark post-punk;dark wave;deathrock;ethereal wave;gothic rock,31
Mercyful Fate,album rock;danish metal;death metal;doom metal;hard rock;metal;rock;thrash metal,49
Metal Church,hard rock;melodic thrash;metal;old school thrash;rock;speed metal;thrash metal;us power metal,46
Michael Angelo Batio,metal guitar;neo classical metal;shred,34
Michael Monroe,finnish hard rock;glam metal;glam punk;hard rock;sleaze rock,39
Michael Schenker,german hard rock;hard rock,27
Michael Schenker Group,album rock;blues rock;german hard rock;glam metal;hard rock;metal;modern hard rock;neo classical metal;rock,49
Michael Stanley Band,album rock;classic rock;heartland rock;mellow gold;soft rock,40
Middle Of The Road,bubblegum pop;classic uk pop;nederpop,46
Million Dollar Reload,deep melodic hard rock;modern hard rock;nwocr;sleaze rock,28
Missing Persons,album rock;dance rock;new romantic;new wave;new wave pop;synthpop,44
Modern English,dance rock;new romantic;new wave;new wave pop;post-punk;synthpop;uk post-punk,57
Molly Hatchet,album rock;blues rock;classic rock;country rock;hard rock;heartland rock;mellow gold;rock;soft rock;southern rock,53
Monster Magnet,alternative metal;alternative rock;hard rock;stoner metal;stoner rock,53
Montrose,album rock;blues rock;classic rock;country rock;hard rock;rock;southern rock,44
Mother Love Bone,alternative rock;funk metal;grunge;rock,49
Mott The Hoople,album rock;art rock;blues rock;british blues;classic rock;classic uk pop;folk rock;glam rock;hard rock;power pop;protopunk;psychedelic rock;pub rock;rock,54
Motörhead,album rock;alternative metal;hard rock;metal;rock;speed metal,71
Mountain,album rock;blues rock;classic rock;country rock;hard rock;psychedelic rock;rock,58
Moxy,psychedelic blues-rock,21
Mr. Big,album rock;glam metal;hard rock;rock,65
Mr. Bungle,alternative metal;funk metal;funk rock,50
Mr. Mister,album rock;dance rock;mellow gold;new romantic;new wave;new wave pop;soft rock;synthpop,61
Mud,classic uk pop;glam rock;nederpop,50
Mudhoney,alternative rock;grunge;punk;rock,47
Mustasch,eurovision;stoner metal;swedish alternative rock,56
My Darkest Days,alternative metal;christian rock;nu metal;post-grunge,62
Myles Kennedy,modern hard rock,56
Mystic Prophecy,german metal;german power metal;melodic metal;metal;neo classical metal;neo-trad metal;power metal;symphonic power metal,46
Mötley Crüe,glam metal;hard rock;metal;rock;sleaze rock,76
Naked Eyes,dance rock;mellow gold;new romantic;new wave;new wave pop;soft rock;synthpop,52
Nashville Pussy,punk 'n' roll;sleaze rock,37
Nazareth,"[album rock;blues rock;classic rock;hard rock;mellow gold;metal;rock,album rock;blues rock;classic rock;glam metal;hard rock;mellow gold;metal;rock]",63
Neil Zaza,instrumental rock;neo classical metal;shred,32
Nelson,glam metal;hard rock,43
Neurotic Outsiders,supergroup,24
Nevermore,metal;neo classical metal;power metal;progressive groove metal;progressive metal;seattle metal;thrash metal,46
New Model Army,gothic rock,48
Night Ranger,"[album rock;classic rock;glam metal;hard rock;mellow gold;rock;soft rock,album rock;classic rock;glam metal;hard rock;heartland rock;mellow gold;rock;soft rock]",57
Nocturnal Rites,melodic metal;metal;neo classical metal;neo-trad metal;power metal;swedish power metal;symphonic power metal,39
Nuclear Assault,crossover thrash;metal;old school thrash;thrash metal,41
Omen,metal;neo-trad metal;nwothm;speed metal;us power metal,28
One Less Reason,alternative metal;gymcore;hard alternative;post-grunge,40
Onslaught,crossover thrash;death metal;metal;old school thrash;speed metal;thrash metal,40
Operator,grunge pop;post-grunge,30
Overkill,death metal;groove metal;hard rock;metal;old school thrash;speed metal;thrash metal,51
Ozzy Osbourne,album rock;birmingham metal;hard rock;metal;rock,77
Pain of Salvation,neo-progressive;prog metal;progressive metal;progressive rock;swedish progressive metal;symphonic rock,49
Pantera,alternative metal;groove metal;hard rock;metal;nu metal;old school thrash;rock;wrestling,72
Pat Benatar,album rock;classic rock;dance rock;heartland rock;mellow gold;new wave pop;pop rock;rock;soft rock,67
Pat Travers,album rock;blues rock;classic rock;country rock;hard rock;southern rock,37
Paul Gilbert,metal guitar;neo classical metal;shred,43
Paul Rodgers,blues rock,41
Paul Stanley,album rock;glam metal;hard rock,43
Pearl Jam,alternative rock;grunge;permanent wave;rock,80
Peter Criss,glam metal;hard rock;rock drums,33
Peter Frampton,album rock;art rock;blues rock;british blues;classic rock;country rock;folk rock;hard rock;heartland rock;mellow gold;rock;roots rock;soft rock;symphonic rock,61
Peter Green,blues;blues rock;british blues;classic rock;electric blues;modern blues,50
Peter Murphy,dance rock;dark wave;gothic rock;new romantic;new wave;post-punk,50
Peter Pan Speedrock,dutch punk;dutch rock;punk 'n' roll,30
Phenomena,hard rock;melodic hard rock,36
Phil Campbell and the Bastard Sons,modern hard rock;nwocr;southern metal,38
Phil Lynott,irish rock,51
Picture,neo-trad metal;nwothm,25
Pink Cream 69,german hard rock;glam metal;hard rock;melodic hard rock,32
Poison,album rock;glam metal;hard rock;rock,68
Pop Evil,alternative metal;nu metal;post-grunge;rap rock,65
Porno for Pyros,alternative rock;funk metal;rock,48
Possessed,death metal;deathrash;metal;thrash metal,38
Praying Mantis,nwobhm,38
Pretenders,album rock;art rock;classic rock;dance rock;folk;folk rock;lilith;mellow gold;new romantic;new wave;new wave pop;permanent wave;pop rock;rock;soft rock,69
Pretty Boy Floyd,canadian metal;glam metal;hard rock;sleaze rock,28
Pretty Maids,album rock;danish metal;danish rock;glam metal;hard rock;melodic hard rock;metal;power metal,48
Pride & Glory,southern metal,39
Primal Fear,german metal;german power metal;hard rock;melodic metal;metal;neo classical metal;power metal;speed metal,50
Primus,alternative metal;alternative rock;art rock;comic;funk metal;funk rock;hard rock;nu metal;rap rock;rock,65
Procol Harum,album rock;art rock;blues rock;british invasion;classic rock;classic uk pop;folk rock;progressive rock;psychedelic rock;symphonic rock,59
Prong,alternative metal;groove metal;industrial metal;industrial rock;metal;nu metal;old school thrash;rap rock;thrash metal,46
Public Image Ltd.,alternative rock;art rock;dance rock;experimental;industrial;new romantic;new wave;new wave pop;post-punk;punk;uk post-punk,52
Puddle Of Mudd,alternative metal;alternative rock;modern rock;nu metal;post-grunge;rap rock;rock,68
Quarterflash,album rock;new wave pop;soft rock,44
Queensrÿche,album rock;glam metal;hard rock;metal;progressive metal;rock;us power metal,60
Quiet Riot,album rock;classic rock;glam metal;hard rock;metal;rock,64
REO Speedwagon,album rock;classic rock;country rock;folk rock;hard rock;heartland rock;mellow gold;rock;soft rock,70
Ra,alternative metal;gymcore;hard alternative;nu metal;post-grunge;rap rock,49
Racer X,hard rock;metal;neo classical metal,42
Rage,german metal;german power metal;melodic metal;metal;neo classical metal;neo-trad metal;old school thrash;power metal;speed metal,44
Rage Against The Machine,alternative metal;alternative rock;conscious hip hop;funk metal;nu metal;political hip hop;rap metal;rap rock;rock,76
Rainbow,album rock;blues rock;classic rock;glam metal;hard rock;metal;rock,65
Rare Earth,blues rock;classic rock;country rock;motown;psychedelic soul,46
Raspberries,beatlesque;bubblegum pop;jangle pop;power pop;pub rock,53
Ratt,album rock;glam metal;hard rock;metal;rock,61
Raven,hard rock;metal;neo-trad metal;nwobhm;nwothm;speed metal;thrash metal,37
Reb Beach,glam metal;neo classical metal,22
Rebel Meets Rebel,southern metal,30
Reckless Love,finnish hard rock;glam metal;new wave of glam metal;sleaze rock,44
Red Lorry Yellow Lorry,dark post-punk;dark wave;gothic rock;new wave;post-punk;uk post-punk,36
Red Rider,album rock;classic canadian rock,48
Rev Theory,alternative metal;christian rock;gymcore;nu metal;post-grunge;rap rock;rebel blues;wrestling,57
Revis,alternative metal;grunge pop;hard alternative;nu metal;post-grunge,39
Rex Brown,southern metal,27
Rhapsody Of Fire,italian folk metal;italian metal;italian power metal;melodic metal;neo classical metal;power metal;symphonic metal,49
Rhino Bucket,alternative roots rock;glam metal;hard rock;modern hard rock;sleaze rock,36
Richie Kotzen,modern hard rock;neo classical metal;shred,51
Richie Sambora,album rock;glam metal;hard rock,44
Rick Derringer,album rock;blues rock;classic rock;country rock;southern rock,44
Rick Springfield,album rock;australian rock;classic rock;dance rock;mellow gold;new wave pop;pop rock;rock;soft rock;yacht rock,66
Ritchie Blackmore's Rainbow,hard rock,38
Rival Sons,alternative roots rock;modern alternative rock;modern blues rock;modern hard rock;modern rock;rock,59
Rob Halford,metal,55
Robert Cray,blues;blues rock;electric blues;modern blues;soul blues,53
Robin Trower,album rock;art rock;blues rock;british blues;classic rock;country rock;electric blues;hard rock;modern blues;modern blues rock;psychedelic rock;rock;southern rock,49
Rockpile,power pop;pub rock;rockabilly;roots rock,32
Rory Gallagher,album rock;blues;blues rock;british blues;classic rock;country rock;electric blues;hard rock;modern blues;psychedelic rock;rock,56
Rose Tattoo,"[australian rock;blues rock;hard rock,australian rock;blues rock;hard rock;rock]",40
Rosetta Stone,corrosion;dark post-punk;dark wave;ethereal wave;gothic rock,36
Rossington Collins Band,country rock;southern rock,31
Roxx Gang,glam metal;sleaze rock,20
Roy Buchanan,blues;blues rock;country rock;electric blues;modern blues,46
Royal Bliss,alternative metal;gymcore;hard alternative;heartland rock;modern hard rock;post-grunge,47
Royal Republic,german rock;modern alternative rock;swedish alternative rock;swedish garage rock,58
Running Wild,german metal;german power metal;hard rock;metal;neo-trad metal;old school thrash;pirate;power metal;speed metal,48
SEX MACHINEGUNS,j-metal;japanese heavy metal;visual kei,31
SHOW-YA,j-metal;japanese heavy metal,35
STEELHEART,glam metal;hard rock;sleaze rock,51
Saber Tiger,j-metal;japanese heavy metal,18
Sacred Reich,alternative metal;crossover thrash;death metal;funk metal;groove metal;metal;old school thrash;speed metal;thrash metal,43
Saigon Kick,glam metal;hard rock,42
Sailor,classic uk pop;nederpop,42
Saliva,alternative metal;nu metal;rap metal;rap rock;wrestling,65
Salty Dog,glam metal;sleaze rock,20
Sammy Hagar,album rock;classic rock;glam metal;hard rock;heartland rock;mellow gold;metal;rock;soft rock,59
Samson,nwobhm,28
Sanctuary,melodic thrash;metal;neo-trad metal;old school thrash;seattle metal;thrash metal;us power metal,33
Savatage,album rock;hard rock;metal;neo classical metal;power metal;progressive metal;rock;us power metal,49
Saving Abel,alternative metal;nu metal;post-grunge,59
Savoy Brown,blues;blues rock;british blues;classic rock;country rock;electric blues;hard rock;modern blues;modern blues rock;psychedelic rock;roots rock,46
Saxon,album rock;glam metal;hard rock;metal;nwobhm;power metal;rock,56
Scorpions,album rock;german hard rock;german metal;german rock;hard rock;metal;rock,77
Scott Stapp,alternative metal;post-grunge,47
Scott Weiland,alternative rock;grunge;rock,31
Screaming Trees,alternative metal;alternative rock;grunge;rock,51
Sebastian Bach,glam metal;hard rock;sleaze rock,40
Seether,alternative metal;nu metal;post-grunge;south african rock,74
Sepultura,alternative metal;brazilian groove metal;brazilian metal;brazilian thrash metal;death metal;deathrash;groove metal;hard rock;latin metal;metal;metal mineiro;nu metal;old school thrash;rap rock;rock;thrash metal,63
Sex Gang Children,dark wave;deathrock;gothic rock,28
Shakra,melodic hard rock;modern hard rock,39
Shaman's Harvest,alternative metal;modern hard rock;nu metal;post-grunge;wrestling,55
Shinedown,alternative metal;modern rock;nu metal;post-grunge,76
Shoes,modern power pop;power pop;pub rock;underground power pop,23
Shooting Star,album rock,29
Showaddywaddy,classic uk pop;glam rock,47
Shriekback,dance rock;new romantic;new wave;synthpop,37
Sick Puppies,alternative metal;christian rock;nu metal;post-grunge;rap rock,62
Silverchair,alternative metal;alternative rock;australian alternative rock;australian psych;grunge;nu metal;pop rock;post-grunge;rock,64
Silvertide,modern hard rock;philly indie,33
Sinner,german hard rock;german metal;neo-trad metal,25
Siouxsie and the Banshees,alternative rock;art rock;dance rock;dream pop;gothic rock;new romantic;new wave;new wave pop;post-punk;punk;uk post-punk,62
Sister,sleaze rock,36
Sister Sin,slayer;sleaze rock;swedish hard rock;swedish metal,37
Sixx:A.M.,alternative metal;nu metal;post-grunge,60
Skeletal Family,dark post-punk;dark wave;deathrock;ethereal wave;gothic rock,36
Skid Row,album rock;glam metal;hard rock;metal;rock,66
Skin Yard,grunge,34
Slade,album rock;art rock;blues rock;classic uk pop;glam rock;hard rock;rock;soft rock,57
Slash,hard rock;rock,64
Slash's Snakepit,hard rock;rock;supergroup,44
Slaughter,album rock;canadian metal;glam metal;hard rock;rock;sleaze rock,51
Slayer,alternative metal;death metal;hard rock;metal;nu metal;old school thrash;rock;speed metal;thrash metal,68
Sleeze Beez,glam metal;hard rock;sleaze rock,32
Smile Empty Soul,alternative metal;christian rock;nu metal;post-grunge;rap rock,53
Smith/Kotzen,hard rock;modern hard rock,42
Smokie,classic uk pop;europop;mellow gold;soft rock,61
Snowy White,blues rock;british blues;electric blues;modern blues,50
Sodom,black thrash;crossover thrash;death metal;deathrash;german metal;german thrash metal;hard rock;metal;old school thrash;speed metal;thrash metal,52
Sonata Arctica,finnish power metal;melodic metal;metal;neo classical metal;power metal;progressive metal;symphonic metal,60
Soul Asylum,alternative rock;grunge;permanent wave;pop rock;post-grunge;rock,60
Soulfly,alternative metal;groove metal;industrial metal;metal;nu metal;rap metal;rap rock,55
Soundgarden,alternative metal;alternative rock;blues rock;grunge;hard rock;modern rock;nu metal;rock,72
Sparzanza,swedish alternative rock;varmland rock,40
Spear Of Destiny,gothic rock;new wave,29
Specimen,dark wave;gothic rock,31
Sponge,alternative rock;grunge;pop rock;post-grunge,50
Spooky Tooth,blues rock;british blues;german rock;progressive rock;psychedelic blues-rock;psychedelic rock;symphonic rock,38
Starship,album rock;dance rock;mellow gold;new romantic;new wave;new wave pop;soft rock,70
Status Quo,album rock;blues rock;british blues;classic rock;classic uk pop;glam rock;hard rock;rock,66
Steel Panther,comic;comic metal;glam metal;hard rock;metal;rock;sleaze rock,58
Steeler,glam metal,26
Steppenwolf,acid rock;album rock;blues rock;classic canadian rock;classic rock;country rock;folk rock;hard rock;mellow gold;psychedelic rock;rock;roots rock,67
Stereoside,hard alternative;post-grunge,35
Steve Miller Band,album rock;blues rock;classic rock;country rock;folk rock;hard rock;heartland rock;mellow gold;psychedelic rock;rock;roots rock;soft rock,71
Steve Morse Band,neo classical metal;shred,27
Steve Perry,album rock;mellow gold;soft rock;yacht rock,58
Steve Stevens,glam metal;neo classical metal,47
Steve Vai,instrumental rock;metal guitar;neo classical metal;shred,55
Stone Gods,deep melodic hard rock,21
Stone Sour,alternative metal;nu metal;post-grunge;rap rock;rock,71
Stone Temple Pilots,alternative metal;alternative rock;grunge;hard rock;nu metal;pop rock;post-grunge;rock,72
Stormwarrior,german metal;german power metal;neo classical metal;neo-trad metal;power metal;speed metal;symphonic power metal,34
Stormwitch,metal;neo-trad metal;nwothm,26
Stratovarius,finnish power metal;melodic metal;metal;neo classical metal;power metal;progressive metal;symphonic metal,59
Streetheart,album rock;classic canadian rock,39
Styx,album rock;art rock;classic rock;folk rock;hard rock;mellow gold;progressive rock;rock;soft rock;symphonic rock,68
Submersed,alternative metal;hard alternative;nu metal;post-grunge,43
Sugarloaf,classic rock;country rock;soft rock,41
Suicidal Tendencies,alternative metal;crossover thrash;funk metal;hard rock;hardcore punk;metal;nu metal;old school thrash;punk;rap rock;rock;thrash metal,58
Supersuckers,punk 'n' roll;punk blues;roots rock,42
Suzi Quatro,classic uk pop;glam rock,59
Sweet,album rock;blues rock;classic rock;classic uk pop;glam rock;hard rock;rock,63
Symphony X,metal;neo classical metal;power metal;progressive metal;progressive power metal,51
T. Rex,album rock;art rock;classic rock;dance rock;folk rock;glam rock;protopunk;psychedelic rock;rock,66
Tad,alternative rock;grunge,37
Talisman,glam metal;hard rock;melodic hard rock;swedish hard rock;swedish melodic rock,41
Talk Show,supergroup,16
Tangier,glam metal;hard rock;philly indie,22
Tankard,crossover thrash;death metal;german metal;german thrash metal;metal;new wave of thrash metal;old school thrash;speed metal;thrash metal,40
Tantric,alternative metal;nu metal;post-grunge;rap rock,52
Taste,blues rock;british blues;psychedelic rock,38
Ted Nugent,acid rock;album rock;blues rock;classic rock;country rock;glam metal;hard rock;metal;rock;southern rock,62
Temple Of The Dog,alternative metal;alternative rock;grunge;hard rock;rock;supergroup,60
Ten Years After,album rock;art rock;blues;blues rock;british blues;classic rock;country rock;electric blues;folk rock;hard rock;psychedelic rock;rock;roots rock;symphonic rock,55
Tesla,album rock;classic rock;glam metal;hard rock;rock;sacramento indie,58
Testament,alternative metal;death metal;groove metal;hard rock;metal;old school thrash;rock;thrash metal,58
Texas Hippie Coalition,alternative metal;nu metal;southern metal,49
The Answer,deep melodic hard rock;modern hard rock,31
The B-52's,art rock;dance rock;new romantic;new wave;new wave pop;permanent wave;post-punk;rock;zolo,65
The Babys,album rock;classic rock;hard rock;mellow gold;soft rock,47
The Birthday Party,australian post-punk;dance-punk;experimental;experimental rock;gothic rock;industrial;post-punk;punk blues,39
The Black Crowes,album rock;alternative rock;blues rock;classic rock;country rock;hard rock;jam band;mellow gold;pop rock;rock;roots rock;southern rock,67
The Bolshoi,gothic rock;new wave,41
The Carburetors,norwegian rock;punk 'n' roll,33
The Cars,album rock;art rock;classic rock;dance rock;folk rock;hard rock;mellow gold;new romantic;new wave;new wave pop;permanent wave;pop rock;power pop;rock;soft rock,70
The Chameleons,dance rock;gothic rock;new romantic;new wave;post-punk;shoegaze;uk post-punk,48
The Charlie Daniels Band,classic rock;country;country rock;southern rock,64
The Church,alternative rock;australian rock;dance rock;dream pop;new romantic;new wave;post-punk;uk post-punk,56
The Cruel Intentions,new wave of glam metal;sleaze rock,27
The Cult,album rock;alternative rock;classic rock;dance rock;glam metal;hard rock;metal;rock,63
The Damned,alternative rock;dance rock;gothic rock;hardcore punk;new wave;post-punk;pub rock;punk;uk post-punk,54
The Danse Society,dark post-punk;dark wave;dream pop;ethereal wave;gothic post-punk;gothic rock;new wave;post-punk;uk post-punk,35
The Darkness,glam metal;hard rock;rock,60
The Dead Daisies,hard rock;modern hard rock;nwocr,52
The Edgar Winter Group,album rock;blues rock;classic rock;country rock;hard rock;soft rock,52
The Fixx,album rock;art rock;dance rock;mellow gold;new romantic;new wave;new wave pop;soft rock,51
The Georgia Satellites,album rock;blues rock;classic rock;country rock;hard rock;pub rock;rock;southern rock,52
The Glove,dream pop;gothic rock;new wave;post-punk;supergroup;uk post-punk,32
The Go-Go's,album rock;candy pop;dance rock;girl group;jangle pop;mellow gold;new romantic;new wave;new wave pop;permanent wave;pop rock;rock;soft rock;synthpop,59
The Greg Kihn Band,album rock,51
The Gregg Allman Band,blues rock;country rock;southern rock,42
The Groundhogs,blues rock;british blues;german rock;psychedelic blues-rock;psychedelic rock;pub rock,38
The Guess Who,album rock;blues rock;classic canadian rock;classic rock;country rock;folk rock;hard rock;heartland rock;mellow gold;rock;roots rock;soft rock,60
The Hellacopters,action rock;punk 'n' roll;swedish alternative rock;swedish garage rock,52
The J. Geils Band,album rock;blues rock;classic rock;country rock;dance rock;folk rock;hard rock;mellow gold;rock;roots rock;soft rock,62
The Jeff Healey Band,blues rock;canadian blues;classic rock;electric blues;modern blues,51
The Knack,album rock;new wave pop;power pop,61
The Last Vegas,modern hard rock;sleaze rock,28
The March Violets,dark wave;deathrock;gothic rock,28
The Marshall Tucker Band,album rock;blues rock;classic rock;country rock;folk rock;mellow gold;rock;roots rock;soft rock;southern rock,62
The Mayfield Four,grunge pop,30
The Mission,dark wave;gothic rock;new romantic;new wave,48
The Motels,album rock;dance rock;mellow gold;new romantic;new wave;new wave pop;soft rock;synthpop,46
The Outfield,album rock;mellow gold;new romantic;new wave pop;power pop;rock;soft rock,68
The Outlaws,album rock;blues rock;classic rock;country rock;hard rock;heartland rock;mellow gold;rock;soft rock;southern rock,51
The Ozark Mountain Daredevils,album rock;classic rock;country rock;folk rock;mellow gold;soft rock;southern rock,48
The Parlor Mob,asbury park indie;modern alternative rock;modern blues rock;modern hard rock,44
The Plimsouls,jangle pop;power pop;underground power pop,35
The Police,album rock;art rock;classic rock;dance rock;mellow gold;new wave;permanent wave;rock;soft rock,79
The Poodles,melodic hard rock;sleaze rock;swedish hard rock;swedish melodic rock,41
The Power Station,dance rock;new romantic;new wave;new wave pop;synthpop,43
The Psychedelic Furs,art rock;dance rock;new romantic;new wave;new wave pop;post-punk;rock;uk post-punk,61
The Quireboys,glam metal;hard rock;modern hard rock;sleaze rock,40
The Records,jangle pop;power pop;pub rock;underground power pop,29
The Rods,"[neo-trad metal;nwothm,neo-trad metal]",34
The Romantics,album rock;dance rock;mellow gold;new romantic;new wave;new wave pop;power pop;soft rock,60
The Rubettes,bubblegum pop;classic uk pop;glam rock;nederpop,48
The Sensational Alex Harvey Band,blues rock;glam rock;pub rock,38
The Sign of the Southern Cross,groove metal;north carolina metal;southern metal,24
The Smashing Pumpkins,alternative metal;alternative rock;grunge;permanent wave;pop rock;rock,76
The Smithereens,alternative rock;beatlesque;dance rock;jangle pop;new jersey indie;new wave;new wave pop;pop rock;power pop;roots rock,47
The Sound,dance rock;gothic rock;new wave;post-punk;uk post-punk,44
The Southern Death Cult,gothic rock,24
The Temperance Movement,modern blues rock;modern hard rock,41
The Treatment,modern hard rock;nwocr;sleaze rock,34
The Tubes,album rock;art rock;classic rock;dance rock;mellow gold;new wave;new wave pop;soft rock;zolo,48
The Vapors,dance rock;mod revival;new wave;new wave pop;pub rock,47
The Veer Union,alternative metal;christian rock;gymcore;hard alternative;nu metal;post-grunge;post-screamo,55
The Wildhearts,modern hard rock,38
The Winery Dogs,modern hard rock,44
Them Crooked Vultures,alternative metal;alternative rock;blues rock;modern alternative rock;modern blues rock;modern rock;rock;stoner rock;supergroup,55
Theory of a Deadman,alternative metal;canadian metal;canadian rock;nu metal;post-grunge;rap rock;wrestling,71
Thin Lizzy,album rock;art rock;blues rock;classic rock;hard rock;irish rock;metal;rock,68
Thornley,alternative metal;canadian rock;nu metal;post-grunge,37
Threshold,neo classical metal;neo-progressive;prog metal;progressive metal;symphonic rock,37
Thunder,album rock;glam metal;hard rock;modern hard rock,48
Tigertailz,glam metal;sleaze rock,22
Toadies,alternative metal;alternative rock;grunge;post-grunge,55
Tokyo Blade,metal;neo-trad metal;nwobhm;nwothm,35
Tommy Bolin,blues rock;classic rock;country rock;hard rock,34
Tommy Shaw,album rock,35
Tommy Tutone,album rock;new wave pop,53
Tones On Tail,dance rock;dark wave;gothic rock;industrial;industrial rock;new romantic;new wave;post-punk;uk post-punk,41
Tony MacAlpine,instrumental rock;metal guitar;neo classical metal;shred,32
Tora Tora,glam metal;hard rock;sleaze rock,30
Toronto,classic canadian rock,33
Toxik,metal;old school thrash;speed metal;technical thrash;thrash metal,27
Traffic,album rock;art rock;blues rock;british blues;classic rock;country rock;electric blues;folk;folk rock;hard rock;jam band;mellow gold;progressive rock;psychedelic rock;rock;roots rock;soft rock;symphonic rock,56
Trapeze,blues rock;psychedelic blues-rock,29
Treat,glam metal;hard rock;melodic hard rock;swedish hard rock;swedish melodic rock,37
Tremonti,alternative metal;modern hard rock;post-grunge,50
Triumph,album rock;canadian metal;classic canadian rock;classic rock;glam metal;hard rock;mellow gold;metal;rock;soft rock,51
Trixter,glam metal;hard rock;sleaze rock,35
Trooper,album rock;classic canadian rock;romanian rock,47
Turbonegro,glam punk;norwegian punk rock;norwegian rock;punk;punk 'n' roll,52
Twisted Sister,album rock;glam metal;hard rock;metal;rock,67
Tygers Of Pan Tang,hard rock;metal;modern hard rock;nwobhm,41
Tyketto,glam metal;hard rock;melodic hard rock;sleaze rock,40
Type O Negative,alternative metal;gothic metal;hard rock;industrial metal;industrial rock;metal;nu metal;rock,61
U.D.O.,german heavy metal;german metal;hard rock;metal;power metal,51
UFO,album rock;blues rock;classic rock;glam metal;hard rock;metal;rock,56
Ugly Kid Joe,funk metal;funk rock;glam metal;hard rock;rock,57
Uli Jon Roth,german hard rock;neo classical metal,29
Urban Dance Squad,dutch indie;dutch rock;funk metal;funk rock;laboratorio;old school nederhop,38
Uriah Heep,album rock;art rock;blues rock;classic rock;hard rock;metal;progressive rock;psychedelic rock;rock;symphonic rock,57
VOW WOW,j-metal;japanese heavy metal,24
Vain,glam metal;sleaze rock,26
Vains Of Jenna,glam metal;new wave of glam metal;sleaze rock;swedish hard rock,26
Van Halen,album rock;classic rock;hard rock;rock,77
Van Zant,country rock;southern rock,35
Vandenberg,album rock;dutch rock;glam metal;hard rock;metal;modern hard rock,41
Velvet Revolver,alternative metal;alternative rock;hard rock;nu metal;rock;supergroup,60
Venom,black metal;black thrash;british black metal;death metal;hard rock;metal;nwobhm;old school thrash;rock;speed metal;thrash metal,49
Vicious Rumors,metal;neo-trad metal;nwothm;speed metal;thrash metal;us power metal,28
Vince Neil,glam metal;hard rock;sleaze rock,42
Vinnie Moore,instrumental rock;neo classical metal;shred,38
Vinnie Vincent Invasion,glam metal;hard rock;sleaze rock,35
Vio-Lence,crossover thrash;metal;old school thrash;thrash metal,31
Virgin Steele,melodic metal;metal;neo classical metal;neo-trad metal;power metal;us power metal,33
Vixen,glam metal;hard rock,46
Voivod,canadian metal;cyberpunk;death metal;metal;old school thrash;speed metal;technical thrash;thrash metal,39
Voodoo Six,deep melodic hard rock;modern hard rock,20
W.A.S.P.,album rock;glam metal;hard rock;metal;rock,61
Walter Trout,blues;blues rock;country rock;electric blues;modern blues;modern blues rock,47
Wang Chung,album rock;dance rock;mellow gold;new romantic;new wave;new wave pop;soft rock;synthpop,58
Warlock,german hard rock;german metal;glam metal;hard rock;metal,44
Warlord,greek metal;metal;neo-trad metal;nwothm;us power metal,27
Warrant,album rock;glam metal;hard rock;rock,62
Waysted,glam metal;hard rock;sleaze rock,23
West  Bruce & Laing,blues rock;supergroup,19
Wet Willie,country rock;southern rock,39
Whiplash,death metal;metal;old school thrash;speed metal;thrash metal,33
White Lion,album rock;glam metal;hard rock;rock,58
White Zombie,alternative metal;alternative rock;hard rock;industrial metal;metal;nu metal;rap metal;rap rock;rock,61
Whitesnake,album rock;british blues;classic rock;glam metal;hard rock;metal;rock,70
Wig Wam,glam metal;glam rock;hard rock;melodic hard rock;sleaze rock,43
Wildside,glam metal;sleaze rock,21
Winger,album rock;glam metal;hard rock;rock,53
Wishbone Ash,album rock;art rock;blues rock;british blues;classic rock;classic uk pop;hard rock;jazz fusion;progressive rock;psychedelic rock;rock;symphonic rock,50
Wizzard,classic uk pop;glam rock,47
Xmal Deutschland,dark post-punk;dark wave;deathrock;ethereal wave;gothic rock;neue deutsche welle;post-punk;uk post-punk,38
Y&T,album rock;glam metal;hard rock;metal;rock;sleaze rock,48
Yngwie Malmsteen,album rock;hard rock;instrumental rock;metal;metal guitar;neo classical metal;power metal;rock;shred;swedish hard rock,55
ZZ Top,album rock;blues rock;classic rock;country rock;hard rock;metal;rock,73
Zakk Wylde,hard rock;metal,59
Zebra,album rock;glam metal;hard rock,36